編號,地址,避難所在之地下樓層數,可容納人數,轄區分局,經度,緯度,里別
1.0,臺中市大甲區幸福里5鄰長安路福祥巷58號,1.0,16.0,大甲分局,120.660261,24.382278,幸福里
2.0,臺中市大甲區日南里19鄰幼獅路33號,1.0,70.0,大甲分局,120.650531,24.406554,日南里
3.0,臺中市大甲區日南里19鄰工一路24號,1.0,520.0,大甲分局,120.646408,24.408821,日南里
4.0,臺中市大甲區日南里19鄰幼獅路69號,1.0,43.0,大甲分局,120.656469,24.402747,日南里
5.0,臺中市大甲區日南里19鄰幼獅路7號,1.0,21.0,大甲分局,120.645411,24.408579,日南里
6.0,臺中市大甲區日南里19鄰幼獅路59號,1.0,21.0,大甲分局,120.654637,24.403381,日南里
7.0,臺中市大甲區日南里19鄰工九路27號,1.0,36.0,大甲分局,120.654642,24.404731,日南里
8.0,臺中市大甲區日南里19鄰幼一路6號,1.0,52.0,大甲分局,120.646767,24.409173,日南里
9.0,臺中市大甲區日南里19鄰幼獅路17號,1.0,96.0,大甲分局,120.647066,24.407687,日南里
10.0,臺中市大甲區日南里19鄰幼獅路3號,1.0,57.0,大甲分局,120.644205,24.409141,日南里
11.0,臺中市大甲區日南里19鄰工十路33號,1.0,62.0,大甲分局,120.655266,24.395076,日南里
12.0,臺中市大甲區日南里19鄰工五路3號,1.0,23.0,大甲分局,120.645973,24.411902,日南里
13.0,臺中市大甲區日南里19鄰幼獅路36號,1.0,266.0,大甲分局,120.651708,24.404743,日南里
14.0,臺中市大甲區日南里19鄰幼獅路15號,1.0,63.0,大甲分局,120.646681,24.407839,日南里
15.0,臺中市大甲區日南里19鄰幼三路03號,1.0,183.0,大甲分局,120.649395,24.408661,日南里
16.0,臺中市大甲區日南里19鄰幼五路05號,1.0,68.0,大甲分局,120.653682,24.406748,日南里
17.0,臺中市大甲區日南里19鄰幼獅路29號,1.0,22.0,大甲分局,120.649247,24.406574,日南里
18.0,臺中市大甲區日南里19鄰幼獅路65號,1.0,27.0,大甲分局,120.655472,24.402507,日南里
19.0,臺中市大甲區日南里19鄰幼獅路21號,1.0,70.0,大甲分局,120.647891,24.407381,日南里
20.0,臺中市大甲區日南里19鄰工七路6號,1.0,74.0,大甲分局,120.652231,24.407114,日南里
21.0,臺中市大甲區日南里19鄰工一路15號,1.0,213.0,大甲分局,120.645027,24.409936,日南里
22.0,臺中市大甲區日南里19鄰工九路17號,1.0,130.0,大甲分局,120.653762,24.405587,日南里
23.0,臺中市大甲區日南里19鄰工九路23號,1.0,56.0,大甲分局,120.654436,24.405123,日南里
24.0,臺中市大甲區日南里19鄰工七路7號,1.0,95.0,大甲分局,120.655372,24.405369,日南里
25.0,臺中市大甲區日南里19鄰工九路21號,1.0,66.0,大甲分局,120.654155,24.405466,日南里
26.0,臺中市大甲區日南里19鄰幼四路12號,1.0,22.0,大甲分局,120.651345,24.407527,日南里
27.0,臺中市大甲區日南里19鄰幼六路9號,1.0,58.0,大甲分局,120.652184,24.400365,日南里
28.0,臺中市大甲區日南里19鄰幼九路20號,1.0,110.0,大甲分局,120.658732,24.398788,日南里
29.0,臺中市大甲區日南里19鄰工一路35號,1.0,66.0,大甲分局,120.648115,24.408438,日南里
30.0,臺中市大甲區日南里19鄰幼獅路25號,1.0,41.0,大甲分局,120.648173,24.407193,日南里
31.0,臺中市大甲區日南里19鄰幼獅路52號,1.0,58.0,大甲分局,120.654627,24.402151,日南里
32.0,臺中市大甲區日南里19鄰幼獅路73號,1.0,102.0,大甲分局,120.656356,24.401682,日南里
33.0,臺中市大甲區日南里19鄰工一路28號,1.0,44.0,大甲分局,120.648288,24.408155,日南里
34.0,臺中市大甲區日南里19鄰工二路10號,1.0,363.0,大甲分局,120.652538,24.402923,日南里
36.0,臺中市大甲區日南里19鄰青年路146號,1.0,93.0,大甲分局,120.653251,24.399381,日南里
37.0,臺中市大甲區日南里19鄰工五路5號,1.0,93.0,大甲分局,120.645882,24.411804,日南里
38.0,臺中市大甲區日南里19鄰工五路1號,1.0,93.0,大甲分局,120.644145,24.412835,日南里
39.0,臺中市大甲區日南里19鄰幼獅路50號,1.0,500.0,大甲分局,120.653191,24.403428,日南里
40.0,臺中市大甲區日南里19鄰幼獅路1號,1.0,127.0,大甲分局,120.643739,24.409391,日南里
41.0,臺中市大甲區日南里19鄰工一路1號,1.0,506.0,大甲分局,120.644289,24.411643,日南里
42.0,臺中市大甲區龍泉里6鄰吉祥一街9號,1.0,56.0,大甲分局,120.637739,24.401545,龍泉里
43.0,臺中市大甲區日南里19鄰幼獅路63號,1.0,23.0,大甲分局,120.655129,24.402777,日南里
44.0,臺中市大甲區日南里19鄰幼獅路45號,1.0,70.0,大甲分局,120.651976,24.405221,日南里
45.0,臺中市大甲區日南里19鄰工六路1號,1.0,58.0,大甲分局,120.648419,24.401682,日南里
46.0,臺中市大甲區日南里19鄰幼三路1號,1.0,116.0,大甲分局,120.646854,24.408681,日南里
47.0,臺中市大甲區日南里19鄰工九路33號,1.0,65.0,大甲分局,120.655886,24.403732,日南里
48.0,臺中市大甲區日南里19鄰幼獅路13號,1.0,134.0,大甲分局,120.645873,24.408188,日南里
49.0,臺中市大甲區日南里19鄰工一路11號,1.0,93.0,大甲分局,120.644322,24.410552,日南里
50.0,臺中市大甲區日南里19鄰幼獅路61號,1.0,65.0,大甲分局,120.654636,24.403368,日南里
51.0,臺中市大甲區日南里19鄰幼獅路63之1號,1.0,83.0,大甲分局,120.655102,24.402765,日南里
52.0,臺中市大甲區日南里19鄰工一路33號,1.0,41.0,大甲分局,120.647316,24.408853,日南里
53.0,臺中市大甲區龍泉里6鄰渭水路25之14號,1.0,43.0,大甲分局,120.640312,24.401935,龍泉里
54.0,臺中市大甲區龍泉里10鄰順帆路19號,1.0,410.0,大甲分局,120.637931,24.408614,龍泉里
55.0,臺中市大甲區孟春里7鄰經國路1912號,1.0,14.0,大甲分局,120.651265,24.380761,孟春里
56.0,臺中市大甲區孟春里7鄰經國路1908號,1.0,14.0,大甲分局,120.651225,24.380561,孟春里
57.0,臺中市大甲區孟春里7鄰經國路1916號,1.0,14.0,大甲分局,120.651243,24.380684,孟春里
58.0,臺中市大甲區孟春里5鄰通天路198號,1.0,33.0,大甲分局,120.654177,24.381371,孟春里
59.0,臺中市大甲區孟春里5鄰通天路196號,1.0,22.0,大甲分局,120.654235,24.381358,孟春里
60.0,臺中市大甲區孟春里5鄰通天路194號,1.0,22.0,大甲分局,120.654235,24.381358,孟春里
61.0,臺中市大甲區孟春里14鄰通天路291號,1.0,138.0,大甲分局,120.651949,24.382362,孟春里
62.0,臺中市大甲區孟春里5鄰通天路280號,1.0,37.0,大甲分局,120.652393,24.382371,孟春里
63.0,臺中市大甲區日南里13鄰中山路二段916巷22之2號,1.0,101.0,大甲分局,120.645956,24.399068,日南里
64.0,臺中市大甲區日南里19鄰工九路9號,1.0,85.0,大甲分局,120.652323,24.406424,日南里
65.0,臺中市大甲區日南里19鄰工七路10號,1.0,40.0,大甲分局,120.652622,24.407171,日南里
66.0,臺中市大甲區孟春里5鄰通天路226號,1.0,21.0,大甲分局,120.653473,24.381727,孟春里
67.0,臺中市大甲區孟春里5鄰通天路224號,1.0,36.0,大甲分局,120.653505,24.381706,孟春里
68.0,臺中市大甲區孟春里5鄰通天路268號,1.0,46.0,大甲分局,120.652628,24.382152,孟春里
69.0,臺中市大甲區孟春里5鄰通天路270號,1.0,46.0,大甲分局,120.652562,24.382183,孟春里
70.0,臺中市大甲區孟春里5鄰通天路274號,1.0,46.0,大甲分局,120.652463,24.382242,孟春里
71.0,臺中市大甲區孟春里7鄰經國路1960號,1.0,50.0,大甲分局,120.651592,24.381508,孟春里
72.0,臺中市大甲區日南里19鄰工一路24號,1.0,1530.0,大甲分局,120.646331,24.408841,日南里
73.0,臺中市大甲區日南里19鄰幼獅路56號,1.0,494.0,大甲分局,120.655596,24.401734,日南里
74.0,臺中市大甲區日南里19鄰工七路3號,1.0,4525.0,大甲分局,120.652043,24.407696,日南里
75.0,臺中市大甲區日南里19鄰幼六路5號,1.0,4071.0,大甲分局,120.652115,24.400266,日南里
76.0,臺中市大甲區日南里19鄰工二路50號,1.0,3553.0,大甲分局,120.656951,24.402125,日南里
77.0,臺中市大甲區日南里19鄰東六街5號,1.0,111.0,大甲分局,120.661641,24.401919,日南里
78.0,臺中市大甲區日南里19鄰東二街21號,1.0,254.0,大甲分局,120.659393,24.404031,日南里
79.0,臺中市大甲區日南里19鄰東一街9號,1.0,166.0,大甲分局,120.661568,24.401061,日南里
80.0,臺中市大甲區日南里19鄰東一街15號,1.0,31.0,大甲分局,120.660348,24.399778,日南里
81.0,臺中市大甲區日南里19鄰幼九路16號,1.0,361.0,大甲分局,120.657444,24.395991,日南里
82.0,臺中市大甲區日南里19鄰東二街23號,1.0,112.0,大甲分局,120.658878,24.404249,日南里
83.0,臺中市大甲區日南里19鄰工六路26號,1.0,286.0,大甲分局,120.654408,24.396731,日南里
84.0,臺中市大甲區日南里19鄰東二街28號,1.0,1480.0,大甲分局,120.659777,24.404126,日南里
85.0,臺中市大甲區日南里19鄰東九街5號,1.0,170.0,大甲分局,120.662301,24.402588,日南里
86.0,臺中市大甲區日南里19鄰黎明路383號,1.0,300.0,大甲分局,120.657534,24.395925,日南里
87.0,臺中市大甲區日南里19鄰工二路4之1號,2.0,417.0,大甲分局,120.648082,24.405954,日南里
88.0,臺中市大甲區日南里19鄰工六路3號,1.0,3824.0,大甲分局,120.648348,24.401878,日南里
89.0,臺中市大甲區日南里19鄰幼五路3號,1.0,4587.0,大甲分局,120.650388,24.402652,日南里
90.0,臺中市大甲區日南里19鄰幼獅路32號,1.0,3081.0,大甲分局,120.651148,24.405269,日南里
91.0,臺中市大甲區日南里東六街17號,1.0,360.0,大甲分局,120.660695,24.403971,日南里
92.0,臺中市大甲區日南里19鄰青年路115號之1號,1.0,387.0,大甲分局,120.649256,24.402732,日南里
93.0,臺中市大甲區日南里19鄰幼五路3之5號,2.0,1860.0,大甲分局,120.651426,24.403861,日南里
94.0,臺中市大甲區龍泉里8鄰中山路二段901號,1.0,2060.0,大甲分局,120.642657,24.400563,龍泉里
95.0,臺中市后里區眉山里8鄰甲后路952號,1.0,39.0,大甲分局,120.689338,24.314661,眉山里
96.0,臺中市后里區眉山里3鄰中眉路169號,1.0,1816.0,大甲分局,120.695337,24.308041,眉山里
97.0,臺中市大甲區福德里2鄰順帆路152號,1.0,183.0,大甲分局,120.626915,24.429293,福德里
98.0,臺中市后里區泰安里福美路5之3號,2.0,225.0,大甲分局,120.736906,24.325151,泰安里
99.0,臺中市后里區義德里1鄰甲后路一段460號,2.0,142.0,大甲分局,120.724205,24.309026,義德里
100.0,臺中市后里區廣福里9鄰三豐路686巷27號,2.0,181.0,大甲分局,120.724758,24.300287,廣福里
101.0,臺中市后里區后里里19鄰泉州路35號,1.0,180.0,大甲分局,120.724709,24.312562,后里里
102.0,臺中市后里區后里里19鄰泉州路25之4號,1.0,50.0,大甲分局,120.726051,24.312398,后里里
103.0,臺中市后里區后里里13鄰三豐路三段318號,1.0,946.0,大甲分局,120.724196,24.314487,后里里
105.0,臺中市后里區墩東里14鄰文化路30號,1.0,604.0,大甲分局,120.714555,24.307475,墩東里
106.0,臺中市后里區廣福里16鄰三豐路三段936號,1.0,631.0,大甲分局,120.723233,24.305319,廣福里
107.0,臺中市后里區廣福里16鄰三豐路三段968號,1.0,943.0,大甲分局,120.722069,24.306169,廣福里
108.0,臺中市后里區墩東里14鄰文化路30號,1.0,192.0,大甲分局,120.714049,24.307778,墩東里
109.0,臺中市后里區后里里5鄰三豐路三段1100號,1.0,594.0,大甲分局,120.722407,24.308103,后里里
110.0,臺中市后里區甲后路一段998號,1.0,178.0,大甲分局,120.710751,24.311144,后里里
111.0,臺中市后里區義里里12鄰甲后路一段168號,1.0,1130.0,大甲分局,120.728842,24.309688,義里里
112.0,臺中市后里區墩東里5鄰文化路28號,1.0,218.0,大甲分局,120.715415,24.306868,墩東里
113.0,后里區墩東里14鄰平安路87號,1.0,76.0,大甲分局,120.714788,24.306443,墩東里
114.0,后里區后里里1鄰后科南路35巷6號,1.0,590.0,大甲分局,120.728447,24.314809,后里里
115.0,臺中市后里區墩北里8鄰月湖路70之5號,1.0,130.0,大甲分局,120.706153,24.309321,墩北里
116.0,臺中市后里區墩北里2鄰四村路121號,1.0,803.0,大甲分局,120.712903,24.305974,墩北里
117.0,臺中市后里區墩西里3鄰公安路84號,1.0,181.0,大甲分局,120.694054,24.308039,墩西里
118.0,臺中市后里區墩北里5鄰民生路268號,1.0,956.0,大甲分局,120.712371,24.306846,墩北里
119.0,臺中市外埔區大同里23鄰甲后路三段923號,1.0,95.0,大甲分局,120.654796,24.330201,大同里
120.0,臺中市外埔區鐵山里17鄰長生路814號,1.0,52.0,大甲分局,120.648269,24.349228,鐵山里
121.0,臺中市外埔區鐵山里17鄰長生路812號,1.0,87.0,大甲分局,120.647912,24.348999,鐵山里
122.0,臺中市外埔區鐵山里17鄰長生路820號,1.0,68.0,大甲分局,120.647889,24.349306,鐵山里
123.0,臺中市外埔區水美里19鄰水美路285巷1號,1.0,392.0,大甲分局,120.625464,24.335666,水美里
124.0,臺中市外埔區大同里外埔路878號,1.0,391.0,大甲分局,120.653471,24.332534,大同里
125.0,臺中市外埔區大同里甲后路三段1062號,1.0,180.0,大甲分局,120.652151,24.333071,大同里
126.0,臺中市外埔區大同里甲后路三段968號,1.0,233.0,大甲分局,120.654337,24.331131,大同里
127.0,臺中市外埔區大同里外埔路999號,1.0,577.0,大甲分局,120.650339,24.332426,大同里
128.0,臺中市外埔區大同里甲后路三段1060號,1.0,202.0,大甲分局,120.652357,24.332981,大同里
129.0,臺中市外埔區大東里大馬路352號,1.0,506.0,大甲分局,120.645757,24.340405,大東里
130.0,臺中市大安區中庄里中山南路343號,1.0,654.0,大甲分局,120.586098,24.346356,中庄里
131.0,臺中市大安區中庄里興安路326號,1.0,95.0,大甲分局,120.591965,24.346091,中庄里
132.0,臺中市大甲區朝陽里7鄰文武路10號,1.0,354.0,大甲分局,120.626635,24.345612,朝陽里
133.0,臺中市大甲區大甲里13鄰蔣公路28號,2.0,136.0,大甲分局,120.623998,24.345207,大甲里
134.0,臺中市大甲區大甲里8鄰蔣公路79號,2.0,22.0,大甲分局,120.624014,24.345196,大甲里
135.0,臺中市大甲區大甲里8鄰蔣公路73號,1.0,6.0,大甲分局,120.624171,24.345168,大甲里
136.0,臺中市大甲區大甲里10鄰鎮政路20號,1.0,22.0,大甲分局,120.624967,24.344559,大甲里
137.0,臺中市大甲區岷山里2鄰中山路一段906號,1.0,118.0,大甲分局,120.627915,24.349162,岷山里
138.0,臺中市大甲區大甲里8鄰蔣公路57號,1.0,33.0,大甲分局,120.624778,24.344939,大甲里
139.0,臺中市大甲區朝陽里7鄰鎮政路48號,1.0,16.0,大甲分局,120.625673,24.346387,朝陽里
140.0,臺中市大甲區薰風里8鄰水源路2號,1.0,22.0,大甲分局,120.622507,24.342666,薰風里
141.0,臺中市大甲區武曲里3鄰大安港路208號,1.0,556.0,大甲分局,120.612952,24.353115,武曲里
142.0,臺中市大甲區武曲里3鄰大安港路208號,1.0,223.0,大甲分局,120.613188,24.353511,武曲里
143.0,臺中市大甲區武曲里2鄰橫圳街127號,1.0,146.0,大甲分局,120.615992,24.354706,武曲里
144.0,臺中市大甲區朝陽里2鄰新政路1號,1.0,101.0,大甲分局,120.627129,24.347627,朝陽里
145.0,臺中市大甲區武曲里11鄰橫圳街69號,1.0,287.0,大甲分局,120.616238,24.353204,武曲里
146.0,臺中市大甲區南陽里11鄰中山路一段720號,1.0,134.0,大甲分局,120.621028,24.341911,南陽里
147.0,臺中市大甲區庄美里13鄰大安港路139號,1.0,55.0,大甲分局,120.614438,24.351227,庄美里
148.0,臺中市大甲區順天里12鄰順天路159號,1.0,78.0,大甲分局,120.622271,24.345063,順天里
149.0,臺中市大甲區頂店里6鄰中山路一段1136號,1.0,157.0,大甲分局,120.632782,24.355715,頂店里
150.0,臺中市大甲區順天里17鄰蔣公路217號,1.0,37.0,大甲分局,120.620209,24.346826,順天里
151.0,臺中市大甲區順天里17鄰五福街36號,1.0,55.0,大甲分局,120.619856,24.346665,順天里
152.0,臺中市大甲區順天里17鄰五福街40號,1.0,55.0,大甲分局,120.619889,24.346726,順天里
153.0,臺中市大甲區順天里17鄰五福街38號,1.0,77.0,大甲分局,120.619899,24.346697,順天里
154.0,臺中市大甲區庄美里6鄰興安路132號,1.0,77.0,大甲分局,120.611886,24.348489,庄美里
155.0,臺中市大甲區大甲里15鄰光明路62號,1.0,66.0,大甲分局,120.624122,24.344081,大甲里
156.0,臺中市大甲區文武里18鄰德興路61號,1.0,242.0,大甲分局,120.625479,24.349871,文武里
157.0,臺中市大甲區中山里8鄰水源路192號,1.0,37.0,大甲分局,120.626276,24.340038,中山里
158.0,臺中市大甲區中山里8鄰水源路190號,1.0,37.0,大甲分局,120.626088,24.339966,中山里
159.0,臺中市大甲區大甲里4鄰順天路158號,1.0,224.0,大甲分局,120.623013,24.345313,大甲里
160.0,臺中市大甲區南陽里11鄰中山路一段720號,1.0,1152.0,大甲分局,120.621755,24.341831,南陽里
161.0,臺中市大甲區南陽里11鄰中山路一段720號,1.0,805.0,大甲分局,120.621632,24.342054,南陽里
162.0,臺中市大甲區大甲里4鄰順天路146號,1.0,136.0,大甲分局,120.622441,24.344883,大甲里
163.0,臺中市大甲區中山里18鄰甲東路512號,1.0,2530.0,大甲分局,"120.630183 ","24.340994 ",中山里
164.0,臺中市大甲區中山里18鄰甲東路512號,1.0,456.0,大甲分局,"120.630183 ","24.340964 ",中山里
165.0,臺中市大甲區武曲里10鄰大安港路116巷10號,1.0,592.0,大甲分局,120.614749,24.352327,武曲里
166.0,臺中市大甲區新美里10鄰興安路84巷79號,1.0,350.0,大甲分局,120.614277,24.348628,新美里
167.0,臺中市大甲區朝陽里7鄰文武路2號,1.0,335.0,大甲分局,120.626934,24.345516,朝陽里
168.0,臺中市大甲區大甲里10鄰鎮政路14號,1.0,4716.0,大甲分局,120.624956,24.344492,大甲里
169.0,臺中市大甲區庄美里13鄰大安港路223號,1.0,242.0,大甲分局,120.611808,24.353477,庄美里
170.0,臺中市大甲區順天里10鄰武營路51號,1.0,72.0,大甲分局,120.621571,24.345654,順天里
171.0,臺中市大甲區順天里10鄰武營路49號,1.0,12.0,大甲分局,120.621572,24.345625,順天里
172.0,臺中市大甲區順天里10鄰武營路47號,1.0,12.0,大甲分局,120.621591,24.345607,順天里
173.0,臺中市大甲區庄美里6鄰興安路130號,1.0,12.0,大甲分局,120.612837,24.348473,庄美里
174.0,臺中市大甲區平安里9鄰民權路118號,1.0,852.0,大甲分局,120.620704,24.349578,平安里
175.0,臺中市大甲區中山里9鄰甲后路5段335巷30號,1.0,41.0,大甲分局,120.631837,24.345103,中山里
176.0,臺中市大甲區順天里15鄰三民路69號,1.0,36.0,大甲分局,120.621157,24.346884,順天里
177.0,臺中市大甲區順天里15鄰三民路73號,1.0,47.0,大甲分局,120.621183,24.346943,順天里
178.0,臺中市大甲區順天里15鄰三民路71號,1.0,47.0,大甲分局,120.621183,24.346945,順天里
179.0,臺中市大甲區順天里15鄰三民路75號,1.0,47.0,大甲分局,120.621264,24.347058,順天里
180.0,臺中市大甲區順天里15鄰三民路67號,1.0,47.0,大甲分局,120.621122,24.346831,順天里
181.0,臺中市大甲區孔門里2鄰順天路243號,1.0,47.0,大甲分局,120.624181,24.346769,孔門里
182.0,臺中市大甲區庄美里10鄰忠孝街38號,1.0,72.0,大甲分局,120.618156,24.348558,庄美里
183.0,臺中市大甲區庄美里10鄰忠孝街36號,1.0,68.0,大甲分局,120.618121,24.348397,庄美里
184.0,臺中市大甲區薰風里9鄰中山路一段823巷11號,1.0,68.0,大甲分局,120.621868,24.342728,薰風里
185.0,臺中市大甲區孔門里5鄰育德路113號,1.0,37.0,大甲分局,120.624298,24.348104,孔門里
186.0,臺中市大甲區孔門里5鄰育德路113號,1.0,3253.0,大甲分局,120.624087,24.348384,孔門里
187.0,臺中市大甲區朝陽里9鄰順天路232號,1.0,3540.0,大甲分局,120.624693,24.347153,朝陽里
188.0,臺中市大甲區義和里12鄰中山路一段713號,1.0,16.0,大甲分局,120.618739,24.339781,義和里
189.0,臺中市大甲區義和里12鄰中山路一段719號,1.0,38.0,大甲分局,120.618788,24.339833,義和里
190.0,臺中市大甲區中山里12鄰甲東路531巷59號,1.0,51.0,大甲分局,120.627841,24.339729,中山里
191.0,臺中市大甲區義和里5鄰中山路一段625號,1.0,25.0,大甲分局,120.617341,24.337781,義和里
192.0,臺中市大甲區大甲里12鄰蔣公路60號,2.0,300.0,大甲分局,120.624585,24.345171,大甲里
193.0,臺中市大甲區武曲里3鄰大安港路208號,1.0,37.0,大甲分局,120.612614,24.353207,武曲里
194.0,臺中市大甲區順天里6鄰蔣公路195號,1.0,251.0,大甲分局,120.620523,24.346712,順天里
195.0,臺中市大甲區頂店里6鄰中山路一段1142號,1.0,17.0,大甲分局,120.632881,24.355778,頂店里
196.0,臺中市大甲區順天里17鄰蔣公路193號,1.0,47.0,大甲分局,120.620502,24.346714,順天里
197.0,臺中市大甲區順天里15鄰蔣公路194號,1.0,76.0,大甲分局,120.620831,24.346748,順天里
198.0,臺中市大甲區順天里15鄰蔣公路196號,1.0,50.0,大甲分局,120.620783,24.346761,順天里
199.0,臺中市大甲區朝陽里7鄰文武路26號,1.0,50.0,大甲分局,120.625733,24.345886,朝陽里
200.0,臺中市大甲區順天里8鄰復興路22號,1.0,95.0,大甲分局,120.6214297,24.34617707,順天里
201.0,臺中市大甲區頂店里6鄰中山路一段1212號,1.0,28.0,大甲分局,120.6347052,24.35704646,頂店里
202.0,臺中市大甲區頂店里6鄰中山路一段1208號,1.0,62.0,大甲分局,120.6345053,24.35693133,頂店里
203.0,臺中市大甲區朝陽里7鄰文武路26號,3.0,55.0,大甲分局,120.6257349,24.3461098,朝陽里
204.0,臺中市大甲區文武里8鄰育英路186號,3.0,173.0,大甲分局,120.6224447,24.35366579,文武里
205.0,臺中市大甲區薰風里12鄰光明路45號,1.0,295.0,大甲分局,120.6240927,24.34401268,薰風里
206.0,臺中市大甲區順天里16鄰信義路56號,3.0,33.0,大甲分局,120.619621,24.34769634,順天里
207.0,臺中市大甲區平安里3鄰信義路138號,3.0,76.0,大甲分局,120.6202636,24.3493316,平安里
208.0,臺中市大甲區義和里5鄰中山路一段609巷10號,3.0,25.0,大甲分局,120.6165765,24.33818181,義和里
209.0,臺中市大甲區朝陽里7鄰文武路18號,2.0,81.0,大甲分局,120.6260759,24.34664694,朝陽里
210.0,臺中市大甲區義和里12鄰中山路一段745號,3.0,196.0,大甲分局,120.6192095,24.34075303,義和里
211.0,臺中市大甲區文武里1鄰雁門路236號,2.0,251.0,大甲分局,120.6253436,24.35267189,文武里
212.0,臺中市大甲區庄美里2鄰蔣公路295號,2.0,53.0,大甲分局,120.6176066,24.34795217,庄美里
213.0,臺中市大甲區順天里順天路3鄰育德路59號,1.0,1002.0,大甲分局,120.6233481,24.34693575,順天里
214.0,臺中市大甲區新美里15鄰興安路121號,1.0,222.0,大甲分局,120.6124918,24.35092361,新美里
215.0,臺中市大甲區頂店里3鄰開元路71號,1.0,95.0,大甲分局,120.639988,24.34700034,頂店里
216.0,臺中市大甲區大甲里4鄰順天路158號,1.0,3112.0,大甲分局,120.6235729,24.34536832,大甲里
217.0,臺中市大甲區南陽里11鄰中山路一段720號,2.0,2375.0,大甲分局,120.6217445,24.34220595,南陽里
218.0,臺中市大甲區中山里18鄰甲東路512號,2.0,2101.0,大甲分局,120.6300219,24.34102796,中山里
219.0,臺中市大甲區文武里6鄰新政路78號,3.0,1562.0,大甲分局,120.6248659,24.34948624,文武里
220.0,臺中市大甲區順天里19鄰中華街122號,4.0,303.0,大甲分局,120.6202908,24.34612642,順天里
221.0,臺中市大甲區大甲里9鄰鎮政路41號,4.0,377.0,大甲分局,120.6251625,24.34602717,大甲里
222.0,臺中市大甲區庄美里15鄰興安路138之212號,4.0,377.0,大甲分局,120.633002,24.35062282,庄美里
223.0,臺中市大甲區庄美里15鄰興安路138之213號,2.0,163.0,大甲分局,120.611965,24.35065214,庄美里
224.0,臺中市大甲區武陵里9鄰文曲路61號,3.0,170.0,大甲分局,120.6008631,24.3363966,武陵里
225.0,臺中市大甲區岷山里12鄰中山路一段880號,1.0,842.0,大甲分局,120.6277493,24.34837692,岷山里
226.0,臺中市大甲區文武里17鄰五福街256號,1.0,33.0,大甲分局,120.6219335,24.35185524,文武里
227.0,臺中市大甲區大甲里7鄰鎮瀾街180號,3.0,153.0,大甲分局,120.6243685,24.34602975,大甲里
228.0,臺中市大甲區庄美里10鄰忠孝街36號,3.0,180.0,大甲分局,120.6181608,24.34869967,庄美里
229.0,臺中市大甲區中山里18鄰甲東路512號,1.0,180.0,大甲分局,120.6300863,24.34101818,中山里
230.0,臺中市大甲區新美里18鄰興安路7之3號,3.0,2103.0,大甲分局,120.6151666,24.3484275,新美里
231.0,臺中市大甲區中山里18鄰甲東路512號,3.0,379.0,大甲分局,120.6300863,24.34101818,中山里
232.0,臺中市大甲區新美里18鄰永順街115號,3.0,4495.0,大甲分局,120.6195706,24.34466722,新美里
233.0,臺中市大甲區文武里8鄰育英路186號,3.0,1251.0,大甲分局,120.6224277,24.35351378,文武里
234.0,臺中市大甲區頂店里錦上街178號,3.0,1276.0,大甲分局,120.626708,24.35480651,頂店里
235.0,臺中市大甲區大甲里4鄰順天路146號,2.0,1640.0,大甲分局,120.6224918,24.3450421,大甲里
236.0,臺中市大甲區中山里11鄰甲東路598號,3.0,2286.0,大甲分局,120.6273683,24.34050593,中山里
237.0,臺中市大甲區江南里8鄰南北一路100號,3.0,516.0,大甲分局,120.6362833,24.36547029,江南里
238.0,臺中市大甲區奉化里11鄰經國路789號,2.0,933.0,大甲分局,120.619583,24.35622206,奉化里
239.0,臺中市大甲區義和里5鄰重義二路8號,2.0,2272.0,大甲分局,120.615188,24.33625126,義和里
240.0,臺中市大甲區頂店里7鄰大發路127號,1.0,894.0,大甲分局,120.6306725,24.35226724,頂店里
241.0,臺中市大甲區文武里26鄰仁愛街211號,3.0,739.0,大甲分局,120.6206608,24.35251781,文武里
242.0,臺中市大甲區義和里14鄰義和二街120巷79號,3.0,492.0,大甲分局,120.6213323,24.33660161,義和里
243.0,臺中市大甲區順天里1鄰雁門路21號,2.0,604.0,大甲分局,120.6225771,24.34681537,順天里
244.0,臺中市大甲區武曲里5鄰橫圳街265之2號,3.0,200.0,大甲分局,120.6129683,24.35785023,武曲里
245.0,臺中市大甲區庄美里12鄰經國路375巷120號,3.0,558.0,大甲分局,120.6156498,24.34858719,庄美里
246.0,臺中市大甲區庄美里5鄰興安路72之6號,3.0,971.0,大甲分局,120.614217,24.34838464,庄美里
247.0,臺中市大甲區頂店里8鄰東西七路一段65號,3.0,453.0,大甲分局,120.6373985,24.36804305,頂店里
248.0,臺中市大甲區中山里9鄰甲后路五段381號,1.0,448.0,大甲分局,120.6317232,24.34616072,中山里
249.0,臺中市大甲區義和里5鄰義和三街81號,1.0,1528.0,大甲分局,120.6176813,24.33568368,義和里
250.0,臺中市大甲區頂店里17鄰大智街205巷1號,3.0,494.0,大甲分局,120.6271604,24.3556403,頂店里
251.0,臺中市大甲區頂店里錦上街180巷11號,1.0,1071.0,大甲分局,120.6266717,24.35475309,頂店里
252.0,臺中市大甲區德化里2鄰和平路290號,3.0,359.0,大甲分局,120.6246009,24.36268417,德化里
253.0,臺中市大甲區孔門里6鄰民權路52號,2.0,347.0,大甲分局,120.6223754,24.34980739,孔門里
254.0,臺中市大甲區武陵里文曲路175號,2.0,1857.0,大甲分局,120.6036537,24.33786281,武陵里
255.0,臺中市大甲區文武里德興路203號,3.0,31539.0,大甲分局,120.6197128,24.35203602,文武里
256.0,臺中市大甲區中山里10鄰甲東路520號,1.0,959.0,大甲分局,120.6294863,24.34076356,中山里
257.0,臺中市大甲區孟春里經國路321號,1.0,189.0,大甲分局,120.6165687,24.34686122,孟春里
258.0,臺中市大甲區平安里八德街2號,1.0,1851.0,大甲分局,120.618346,24.35103239,平安里
259.0,臺中市外埔區水美里二崁路588巷18號,1.0,1274.0,大甲分局,120.6312143,24.32682158,水美里
260.0,臺中市大甲區文武里20鄰育德路233號,1.0,654.0,大甲分局,120.6264491,24.35219551,文武里
261.0,臺中市大甲區幸福里東明路93號,2.0,386.0,大甲分局,120.6798837,24.37485436,水美里
262.0,臺中市大甲區孟春里經國路1838巷12號,1.0,246.0,大甲分局,120.6507148,24.37940433,孟春里
